{
  "height": 19,
  "width": 24,
  "x": 811.0390625,
  "y": 575.4453125
}